date,new_cases,total_cases
2020-01-05,0.0,0.0
2020-01-06,0.0,0.0
2020-01-07,0.0,0.0
2020-01-08,0.0,0.0
2020-01-09,0.0,0.0
2020-01-10,0.0,0.0
2020-01-11,0.0,0.0
2020-01-12,0.0,0.0
2020-01-13,0.0,0.0
2020-01-14,0.0,0.0
2020-01-15,0.0,0.0
2020-01-16,0.0,0.0
2020-01-17,0.0,0.0
2020-01-18,0.0,0.0
2020-01-19,0.0,0.0
2020-01-20,0.0,0.0
2020-01-21,0.0,0.0
2020-01-22,0.0,0.0
2020-01-23,0.0,0.0
2020-01-24,0.0,0.0
2020-01-25,0.0,0.0
2020-01-26,7.0,7.0
2020-01-27,0.0,7.0
2020-01-28,0.0,7.0
2020-01-29,0.0,7.0
2020-01-30,0.0,7.0
2020-01-31,0.0,7.0
2020-02-01,0.0,7.0
2020-02-02,2.0,9.0
2020-02-03,0.0,9.0
2020-02-04,0.0,9.0
2020-02-05,0.0,9.0
2020-02-06,0.0,9.0
2020-02-07,0.0,9.0
2020-02-08,0.0,9.0
2020-02-09,11.0,20.0
2020-02-10,0.0,20.0
2020-02-11,0.0,20.0
2020-02-12,0.0,20.0
2020-02-13,0.0,20.0
2020-02-14,0.0,20.0
2020-02-15,0.0,20.0
2020-02-16,4.0,24.0
2020-02-17,0.0,24.0
2020-02-18,0.0,24.0
2020-02-19,0.0,24.0
2020-02-20,0.0,24.0
2020-02-21,0.0,24.0
2020-02-22,0.0,24.0
2020-02-23,16.0,40.0
2020-02-24,0.0,40.0
2020-02-25,0.0,40.0
2020-02-26,0.0,40.0
2020-02-27,0.0,40.0
2020-02-28,0.0,40.0
2020-02-29,0.0,40.0
2020-03-01,33.0,73.0
2020-03-02,0.0,73.0
2020-03-03,0.0,73.0
2020-03-04,0.0,73.0
2020-03-05,0.0,73.0
2020-03-06,0.0,73.0
2020-03-07,0.0,73.0
2020-03-08,391.0,464.0
2020-03-09,0.0,464.0
2020-03-10,0.0,464.0
2020-03-11,0.0,464.0
2020-03-12,0.0,464.0
2020-03-13,0.0,464.0
2020-03-14,0.0,464.0
2020-03-15,3465.0,3929.0
2020-03-16,0.0,3929.0
2020-03-17,0.0,3929.0
2020-03-18,0.0,3929.0
2020-03-19,0.0,3929.0
2020-03-20,0.0,3929.0
2020-03-21,0.0,3929.0
2020-03-22,27486.0,31415.0
2020-03-23,0.0,31415.0
2020-03-24,0.0,31415.0
2020-03-25,0.0,31415.0
2020-03-26,0.0,31415.0
2020-03-27,0.0,31415.0
2020-03-28,0.0,31415.0
2020-03-29,94894.0,126309.0
2020-03-30,0.0,126309.0
2020-03-31,0.0,126309.0
2020-04-01,0.0,126309.0
2020-04-02,0.0,126309.0
2020-04-03,0.0,126309.0
2020-04-04,0.0,126309.0
2020-04-05,176151.0,302460.0
2020-04-06,0.0,302460.0
2020-04-07,0.0,302460.0
2020-04-08,0.0,302460.0
2020-04-09,0.0,302460.0
2020-04-10,0.0,302460.0
2020-04-11,0.0,302460.0
2020-04-12,219172.0,521632.0
2020-04-13,0.0,521632.0
2020-04-14,0.0,521632.0
2020-04-15,0.0,521632.0
2020-04-16,0.0,521632.0
2020-04-17,0.0,521632.0
2020-04-18,0.0,521632.0
2020-04-19,196150.0,717782.0
2020-04-20,0.0,717782.0
2020-04-21,0.0,717782.0
2020-04-22,0.0,717782.0
2020-04-23,0.0,717782.0
2020-04-24,0.0,717782.0
2020-04-25,0.0,717782.0
2020-04-26,205165.0,922947.0
2020-04-27,0.0,922947.0
2020-04-28,0.0,922947.0
2020-04-29,0.0,922947.0
2020-04-30,0.0,922947.0
2020-05-01,0.0,922947.0
2020-05-02,0.0,922947.0
2020-05-03,198436.0,1121383.0
2020-05-04,0.0,1121383.0
2020-05-05,0.0,1121383.0
2020-05-06,0.0,1121383.0
2020-05-07,0.0,1121383.0
2020-05-08,0.0,1121383.0
2020-05-09,0.0,1121383.0
2020-05-10,182246.0,1303629.0
2020-05-11,0.0,1303629.0
2020-05-12,0.0,1303629.0
2020-05-13,0.0,1303629.0
2020-05-14,0.0,1303629.0
2020-05-15,0.0,1303629.0
2020-05-16,0.0,1303629.0
2020-05-17,169032.0,1472661.0
2020-05-18,0.0,1472661.0
2020-05-19,0.0,1472661.0
2020-05-20,0.0,1472661.0
2020-05-21,0.0,1472661.0
2020-05-22,0.0,1472661.0
2020-05-23,0.0,1472661.0
2020-05-24,166325.0,1638986.0
2020-05-25,0.0,1638986.0
2020-05-26,0.0,1638986.0
2020-05-27,0.0,1638986.0
2020-05-28,0.0,1638986.0
2020-05-29,0.0,1638986.0
2020-05-30,0.0,1638986.0
2020-05-31,146436.0,1785422.0
2020-06-01,0.0,1785422.0
2020-06-02,0.0,1785422.0
2020-06-03,0.0,1785422.0
2020-06-04,0.0,1785422.0
2020-06-05,0.0,1785422.0
2020-06-06,0.0,1785422.0
2020-06-07,149780.0,1935202.0
2020-06-08,0.0,1935202.0
2020-06-09,0.0,1935202.0
2020-06-10,0.0,1935202.0
2020-06-11,0.0,1935202.0
2020-06-12,0.0,1935202.0
2020-06-13,0.0,1935202.0
2020-06-14,151876.0,2087078.0
2020-06-15,0.0,2087078.0
2020-06-16,0.0,2087078.0
2020-06-17,0.0,2087078.0
2020-06-18,0.0,2087078.0
2020-06-19,0.0,2087078.0
2020-06-20,0.0,2087078.0
2020-06-21,180021.0,2267099.0
2020-06-22,0.0,2267099.0
2020-06-23,0.0,2267099.0
2020-06-24,0.0,2267099.0
2020-06-25,0.0,2267099.0
2020-06-26,0.0,2267099.0
2020-06-27,0.0,2267099.0
2020-06-28,258278.0,2525377.0
2020-06-29,0.0,2525377.0
2020-06-30,0.0,2525377.0
2020-07-01,0.0,2525377.0
2020-07-02,0.0,2525377.0
2020-07-03,0.0,2525377.0
2020-07-04,0.0,2525377.0
2020-07-05,342166.0,2867543.0
2020-07-06,0.0,2867543.0
2020-07-07,0.0,2867543.0
2020-07-08,0.0,2867543.0
2020-07-09,0.0,2867543.0
2020-07-10,0.0,2867543.0
2020-07-11,0.0,2867543.0
2020-07-12,392205.0,3259748.0
2020-07-13,0.0,3259748.0
2020-07-14,0.0,3259748.0
2020-07-15,0.0,3259748.0
2020-07-16,0.0,3259748.0
2020-07-17,0.0,3259748.0
2020-07-18,0.0,3259748.0
2020-07-19,466267.0,3726015.0
2020-07-20,0.0,3726015.0
2020-07-21,0.0,3726015.0
2020-07-22,0.0,3726015.0
2020-07-23,0.0,3726015.0
2020-07-24,0.0,3726015.0
2020-07-25,0.0,3726015.0
2020-07-26,467901.0,4193916.0
2020-07-27,0.0,4193916.0
2020-07-28,0.0,4193916.0
2020-07-29,0.0,4193916.0
2020-07-30,0.0,4193916.0
2020-07-31,0.0,4193916.0
2020-08-01,0.0,4193916.0
2020-08-02,431250.0,4625166.0
2020-08-03,0.0,4625166.0
2020-08-04,0.0,4625166.0
2020-08-05,0.0,4625166.0
2020-08-06,0.0,4625166.0
2020-08-07,0.0,4625166.0
2020-08-08,0.0,4625166.0
2020-08-09,375909.0,5001075.0
2020-08-10,0.0,5001075.0
2020-08-11,0.0,5001075.0
2020-08-12,0.0,5001075.0
2020-08-13,0.0,5001075.0
2020-08-14,0.0,5001075.0
2020-08-15,0.0,5001075.0
2020-08-16,362662.0,5363737.0
2020-08-17,0.0,5363737.0
2020-08-18,0.0,5363737.0
2020-08-19,0.0,5363737.0
2020-08-20,0.0,5363737.0
2020-08-21,0.0,5363737.0
2020-08-22,0.0,5363737.0
2020-08-23,315788.0,5679525.0
2020-08-24,0.0,5679525.0
2020-08-25,0.0,5679525.0
2020-08-26,0.0,5679525.0
2020-08-27,0.0,5679525.0
2020-08-28,0.0,5679525.0
2020-08-29,0.0,5679525.0
2020-08-30,294946.0,5974471.0
2020-08-31,0.0,5974471.0
2020-09-01,0.0,5974471.0
2020-09-02,0.0,5974471.0
2020-09-03,0.0,5974471.0
2020-09-04,0.0,5974471.0
2020-09-05,0.0,5974471.0
2020-09-06,295253.0,6269724.0
2020-09-07,0.0,6269724.0
2020-09-08,0.0,6269724.0
2020-09-09,0.0,6269724.0
2020-09-10,0.0,6269724.0
2020-09-11,0.0,6269724.0
2020-09-12,0.0,6269724.0
2020-09-13,245621.0,6515345.0
2020-09-14,0.0,6515345.0
2020-09-15,0.0,6515345.0
2020-09-16,0.0,6515345.0
2020-09-17,0.0,6515345.0
2020-09-18,0.0,6515345.0
2020-09-19,0.0,6515345.0
2020-09-20,280977.0,6796322.0
2020-09-21,0.0,6796322.0
2020-09-22,0.0,6796322.0
2020-09-23,0.0,6796322.0
2020-09-24,0.0,6796322.0
2020-09-25,0.0,6796322.0
2020-09-26,0.0,6796322.0
2020-09-27,304774.0,7101096.0
2020-09-28,0.0,7101096.0
2020-09-29,0.0,7101096.0
2020-09-30,0.0,7101096.0
2020-10-01,0.0,7101096.0
2020-10-02,0.0,7101096.0
2020-10-03,0.0,7101096.0
2020-10-04,298348.0,7399444.0
2020-10-05,0.0,7399444.0
2020-10-06,0.0,7399444.0
2020-10-07,0.0,7399444.0
2020-10-08,0.0,7399444.0
2020-10-09,0.0,7399444.0
2020-10-10,0.0,7399444.0
2020-10-11,334249.0,7733693.0
2020-10-12,0.0,7733693.0
2020-10-13,0.0,7733693.0
2020-10-14,0.0,7733693.0
2020-10-15,0.0,7733693.0
2020-10-16,0.0,7733693.0
2020-10-17,0.0,7733693.0
2020-10-18,387634.0,8121327.0
2020-10-19,0.0,8121327.0
2020-10-20,0.0,8121327.0
2020-10-21,0.0,8121327.0
2020-10-22,0.0,8121327.0
2020-10-23,0.0,8121327.0
2020-10-24,0.0,8121327.0
2020-10-25,449438.0,8570765.0
2020-10-26,0.0,8570765.0
2020-10-27,0.0,8570765.0
2020-10-28,0.0,8570765.0
2020-10-29,0.0,8570765.0
2020-10-30,0.0,8570765.0
2020-10-31,0.0,8570765.0
2020-11-01,559394.0,9130159.0
2020-11-02,0.0,9130159.0
2020-11-03,0.0,9130159.0
2020-11-04,0.0,9130159.0
2020-11-05,0.0,9130159.0
2020-11-06,0.0,9130159.0
2020-11-07,0.0,9130159.0
2020-11-08,790094.0,9920253.0
2020-11-09,0.0,9920253.0
2020-11-10,0.0,9920253.0
2020-11-11,0.0,9920253.0
2020-11-12,0.0,9920253.0
2020-11-13,0.0,9920253.0
2020-11-14,0.0,9920253.0
2020-11-15,1004845.0,10925098.0
2020-11-16,0.0,10925098.0
2020-11-17,0.0,10925098.0
2020-11-18,0.0,10925098.0
2020-11-19,0.0,10925098.0
2020-11-20,0.0,10925098.0
2020-11-21,0.0,10925098.0
2020-11-22,1175483.0,12100581.0
2020-11-23,0.0,12100581.0
2020-11-24,0.0,12100581.0
2020-11-25,0.0,12100581.0
2020-11-26,0.0,12100581.0
2020-11-27,0.0,12100581.0
2020-11-28,0.0,12100581.0
2020-11-29,1162401.0,13262982.0
2020-11-30,0.0,13262982.0
2020-12-01,0.0,13262982.0
2020-12-02,0.0,13262982.0
2020-12-03,0.0,13262982.0
2020-12-04,0.0,13262982.0
2020-12-05,0.0,13262982.0
2020-12-06,1280932.0,14543914.0
2020-12-07,0.0,14543914.0
2020-12-08,0.0,14543914.0
2020-12-09,0.0,14543914.0
2020-12-10,0.0,14543914.0
2020-12-11,0.0,14543914.0
2020-12-12,0.0,14543914.0
2020-12-13,1468482.0,16012396.0
2020-12-14,0.0,16012396.0
2020-12-15,0.0,16012396.0
2020-12-16,0.0,16012396.0
2020-12-17,0.0,16012396.0
2020-12-18,0.0,16012396.0
2020-12-19,0.0,16012396.0
2020-12-20,1517928.0,17530324.0
2020-12-21,0.0,17530324.0
2020-12-22,0.0,17530324.0
2020-12-23,0.0,17530324.0
2020-12-24,0.0,17530324.0
2020-12-25,0.0,17530324.0
2020-12-26,0.0,17530324.0
2020-12-27,1360122.0,18890446.0
2020-12-28,0.0,18890446.0
2020-12-29,0.0,18890446.0
2020-12-30,0.0,18890446.0
2020-12-31,0.0,18890446.0
2021-01-01,0.0,18890446.0
2021-01-02,0.0,18890446.0
2021-01-03,1380995.0,20271441.0
2021-01-04,0.0,20271441.0
2021-01-05,0.0,20271441.0
2021-01-06,0.0,20271441.0
2021-01-07,0.0,20271441.0
2021-01-08,0.0,20271441.0
2021-01-09,0.0,20271441.0
2021-01-10,1667151.0,21938592.0
2021-01-11,0.0,21938592.0
2021-01-12,0.0,21938592.0
2021-01-13,0.0,21938592.0
2021-01-14,0.0,21938592.0
2021-01-15,0.0,21938592.0
2021-01-16,0.0,21938592.0
2021-01-17,1589955.0,23528547.0
2021-01-18,0.0,23528547.0
2021-01-19,0.0,23528547.0
2021-01-20,0.0,23528547.0
2021-01-21,0.0,23528547.0
2021-01-22,0.0,23528547.0
2021-01-23,0.0,23528547.0
2021-01-24,1265861.0,24794408.0
2021-01-25,0.0,24794408.0
2021-01-26,0.0,24794408.0
2021-01-27,0.0,24794408.0
2021-01-28,0.0,24794408.0
2021-01-29,0.0,24794408.0
2021-01-30,0.0,24794408.0
2021-01-31,1068625.0,25863033.0
2021-02-01,0.0,25863033.0
2021-02-02,0.0,25863033.0
2021-02-03,0.0,25863033.0
2021-02-04,0.0,25863033.0
2021-02-05,0.0,25863033.0
2021-02-06,0.0,25863033.0
2021-02-07,857250.0,26720283.0
2021-02-08,0.0,26720283.0
2021-02-09,0.0,26720283.0
2021-02-10,0.0,26720283.0
2021-02-11,0.0,26720283.0
2021-02-12,0.0,26720283.0
2021-02-13,0.0,26720283.0
2021-02-14,670572.0,27390855.0
2021-02-15,0.0,27390855.0
2021-02-16,0.0,27390855.0
2021-02-17,0.0,27390855.0
2021-02-18,0.0,27390855.0
2021-02-19,0.0,27390855.0
2021-02-20,0.0,27390855.0
2021-02-21,473485.0,27864340.0
2021-02-22,0.0,27864340.0
2021-02-23,0.0,27864340.0
2021-02-24,0.0,27864340.0
2021-02-25,0.0,27864340.0
2021-02-26,0.0,27864340.0
2021-02-27,0.0,27864340.0
2021-02-28,465751.0,28330091.0
2021-03-01,0.0,28330091.0
2021-03-02,0.0,28330091.0
2021-03-03,0.0,28330091.0
2021-03-04,0.0,28330091.0
2021-03-05,0.0,28330091.0
2021-03-06,0.0,28330091.0
2021-03-07,420739.0,28750830.0
2021-03-08,0.0,28750830.0
2021-03-09,0.0,28750830.0
2021-03-10,0.0,28750830.0
2021-03-11,0.0,28750830.0
2021-03-12,0.0,28750830.0
2021-03-13,0.0,28750830.0
2021-03-14,384000.0,29134830.0
2021-03-15,0.0,29134830.0
2021-03-16,0.0,29134830.0
2021-03-17,0.0,29134830.0
2021-03-18,0.0,29134830.0
2021-03-19,0.0,29134830.0
2021-03-20,0.0,29134830.0
2021-03-21,379551.0,29514381.0
2021-03-22,0.0,29514381.0
2021-03-23,0.0,29514381.0
2021-03-24,0.0,29514381.0
2021-03-25,0.0,29514381.0
2021-03-26,0.0,29514381.0
2021-03-27,0.0,29514381.0
2021-03-28,417818.0,29932199.0
2021-03-29,0.0,29932199.0
2021-03-30,0.0,29932199.0
2021-03-31,0.0,29932199.0
2021-04-01,0.0,29932199.0
2021-04-02,0.0,29932199.0
2021-04-03,0.0,29932199.0
2021-04-04,449960.0,30382159.0
2021-04-05,0.0,30382159.0
2021-04-06,0.0,30382159.0
2021-04-07,0.0,30382159.0
2021-04-08,0.0,30382159.0
2021-04-09,0.0,30382159.0
2021-04-10,0.0,30382159.0
2021-04-11,455950.0,30838109.0
2021-04-12,0.0,30838109.0
2021-04-13,0.0,30838109.0
2021-04-14,0.0,30838109.0
2021-04-15,0.0,30838109.0
2021-04-16,0.0,30838109.0
2021-04-17,0.0,30838109.0
2021-04-18,467217.0,31305326.0
2021-04-19,0.0,31305326.0
2021-04-20,0.0,31305326.0
2021-04-21,0.0,31305326.0
2021-04-22,0.0,31305326.0
2021-04-23,0.0,31305326.0
2021-04-24,0.0,31305326.0
2021-04-25,406095.0,31711421.0
2021-04-26,0.0,31711421.0
2021-04-27,0.0,31711421.0
2021-04-28,0.0,31711421.0
2021-04-29,0.0,31711421.0
2021-04-30,0.0,31711421.0
2021-05-01,0.0,31711421.0
2021-05-02,338407.0,32049828.0
2021-05-03,0.0,32049828.0
2021-05-04,0.0,32049828.0
2021-05-05,0.0,32049828.0
2021-05-06,0.0,32049828.0
2021-05-07,0.0,32049828.0
2021-05-08,0.0,32049828.0
2021-05-09,292324.0,32342152.0
2021-05-10,0.0,32342152.0
2021-05-11,0.0,32342152.0
2021-05-12,0.0,32342152.0
2021-05-13,0.0,32342152.0
2021-05-14,0.0,32342152.0
2021-05-15,0.0,32342152.0
2021-05-16,233350.0,32575502.0
2021-05-17,0.0,32575502.0
2021-05-18,0.0,32575502.0
2021-05-19,0.0,32575502.0
2021-05-20,0.0,32575502.0
2021-05-21,0.0,32575502.0
2021-05-22,0.0,32575502.0
2021-05-23,181609.0,32757111.0
2021-05-24,0.0,32757111.0
2021-05-25,0.0,32757111.0
2021-05-26,0.0,32757111.0
2021-05-27,0.0,32757111.0
2021-05-28,0.0,32757111.0
2021-05-29,0.0,32757111.0
2021-05-30,147811.0,32904922.0
2021-05-31,0.0,32904922.0
2021-06-01,0.0,32904922.0
2021-06-02,0.0,32904922.0
2021-06-03,0.0,32904922.0
2021-06-04,0.0,32904922.0
2021-06-05,0.0,32904922.0
2021-06-06,99112.0,33004034.0
2021-06-07,0.0,33004034.0
2021-06-08,0.0,33004034.0
2021-06-09,0.0,33004034.0
2021-06-10,0.0,33004034.0
2021-06-11,0.0,33004034.0
2021-06-12,0.0,33004034.0
2021-06-13,99565.0,33103599.0
2021-06-14,0.0,33103599.0
2021-06-15,0.0,33103599.0
2021-06-16,0.0,33103599.0
2021-06-17,0.0,33103599.0
2021-06-18,0.0,33103599.0
2021-06-19,0.0,33103599.0
2021-06-20,80627.0,33184226.0
2021-06-21,0.0,33184226.0
2021-06-22,0.0,33184226.0
2021-06-23,0.0,33184226.0
2021-06-24,0.0,33184226.0
2021-06-25,0.0,33184226.0
2021-06-26,0.0,33184226.0
2021-06-27,87637.0,33271863.0
2021-06-28,0.0,33271863.0
2021-06-29,0.0,33271863.0
2021-06-30,0.0,33271863.0
2021-07-01,0.0,33271863.0
2021-07-02,0.0,33271863.0
2021-07-03,0.0,33271863.0
2021-07-04,97037.0,33368900.0
2021-07-05,0.0,33368900.0
2021-07-06,0.0,33368900.0
2021-07-07,0.0,33368900.0
2021-07-08,0.0,33368900.0
2021-07-09,0.0,33368900.0
2021-07-10,0.0,33368900.0
2021-07-11,286510.0,33655410.0
2021-07-12,0.0,33655410.0
2021-07-13,0.0,33655410.0
2021-07-14,0.0,33655410.0
2021-07-15,0.0,33655410.0
2021-07-16,0.0,33655410.0
2021-07-17,0.0,33655410.0
2021-07-18,222579.0,33877989.0
2021-07-19,0.0,33877989.0
2021-07-20,0.0,33877989.0
2021-07-21,0.0,33877989.0
2021-07-22,0.0,33877989.0
2021-07-23,0.0,33877989.0
2021-07-24,0.0,33877989.0
2021-07-25,359027.0,34237016.0
2021-07-26,0.0,34237016.0
2021-07-27,0.0,34237016.0
2021-07-28,0.0,34237016.0
2021-07-29,0.0,34237016.0
2021-07-30,0.0,34237016.0
2021-07-31,0.0,34237016.0
2021-08-01,547086.0,34784102.0
2021-08-02,0.0,34784102.0
2021-08-03,0.0,34784102.0
2021-08-04,0.0,34784102.0
2021-08-05,0.0,34784102.0
2021-08-06,0.0,34784102.0
2021-08-07,0.0,34784102.0
2021-08-08,743056.0,35527158.0
2021-08-09,0.0,35527158.0
2021-08-10,0.0,35527158.0
2021-08-11,0.0,35527158.0
2021-08-12,0.0,35527158.0
2021-08-13,0.0,35527158.0
2021-08-14,0.0,35527158.0
2021-08-15,886464.0,36413622.0
2021-08-16,0.0,36413622.0
2021-08-17,0.0,36413622.0
2021-08-18,0.0,36413622.0
2021-08-19,0.0,36413622.0
2021-08-20,0.0,36413622.0
2021-08-21,0.0,36413622.0
2021-08-22,1019966.0,37433588.0
2021-08-23,0.0,37433588.0
2021-08-24,0.0,37433588.0
2021-08-25,0.0,37433588.0
2021-08-26,0.0,37433588.0
2021-08-27,0.0,37433588.0
2021-08-28,0.0,37433588.0
2021-08-29,1094890.0,38528478.0
2021-08-30,0.0,38528478.0
2021-08-31,0.0,38528478.0
2021-09-01,0.0,38528478.0
2021-09-02,0.0,38528478.0
2021-09-03,0.0,38528478.0
2021-09-04,0.0,38528478.0
2021-09-05,1144251.0,39672729.0
2021-09-06,0.0,39672729.0
2021-09-07,0.0,39672729.0
2021-09-08,0.0,39672729.0
2021-09-09,0.0,39672729.0
2021-09-10,0.0,39672729.0
2021-09-11,0.0,39672729.0
2021-09-12,1022570.0,40695299.0
2021-09-13,0.0,40695299.0
2021-09-14,0.0,40695299.0
2021-09-15,0.0,40695299.0
2021-09-16,0.0,40695299.0
2021-09-17,0.0,40695299.0
2021-09-18,0.0,40695299.0
2021-09-19,1037454.0,41732753.0
2021-09-20,0.0,41732753.0
2021-09-21,0.0,41732753.0
2021-09-22,0.0,41732753.0
2021-09-23,0.0,41732753.0
2021-09-24,0.0,41732753.0
2021-09-25,0.0,41732753.0
2021-09-26,852294.0,42585047.0
2021-09-27,0.0,42585047.0
2021-09-28,0.0,42585047.0
2021-09-29,0.0,42585047.0
2021-09-30,0.0,42585047.0
2021-10-01,0.0,42585047.0
2021-10-02,0.0,42585047.0
2021-10-03,755688.0,43340735.0
2021-10-04,0.0,43340735.0
2021-10-05,0.0,43340735.0
2021-10-06,0.0,43340735.0
2021-10-07,0.0,43340735.0
2021-10-08,0.0,43340735.0
2021-10-09,0.0,43340735.0
2021-10-10,681984.0,44022719.0
2021-10-11,0.0,44022719.0
2021-10-12,0.0,44022719.0
2021-10-13,0.0,44022719.0
2021-10-14,0.0,44022719.0
2021-10-15,0.0,44022719.0
2021-10-16,0.0,44022719.0
2021-10-17,582237.0,44604956.0
2021-10-18,0.0,44604956.0
2021-10-19,0.0,44604956.0
2021-10-20,0.0,44604956.0
2021-10-21,0.0,44604956.0
2021-10-22,0.0,44604956.0
2021-10-23,0.0,44604956.0
2021-10-24,508543.0,45113499.0
2021-10-25,0.0,45113499.0
2021-10-26,0.0,45113499.0
2021-10-27,0.0,45113499.0
2021-10-28,0.0,45113499.0
2021-10-29,0.0,45113499.0
2021-10-30,0.0,45113499.0
2021-10-31,526186.0,45639685.0
2021-11-01,0.0,45639685.0
2021-11-02,0.0,45639685.0
2021-11-03,0.0,45639685.0
2021-11-04,0.0,45639685.0
2021-11-05,0.0,45639685.0
2021-11-06,0.0,45639685.0
2021-11-07,510211.0,46149896.0
2021-11-08,0.0,46149896.0
2021-11-09,0.0,46149896.0
2021-11-10,0.0,46149896.0
2021-11-11,0.0,46149896.0
2021-11-12,0.0,46149896.0
2021-11-13,0.0,46149896.0
2021-11-14,557180.0,46707076.0
2021-11-15,0.0,46707076.0
2021-11-16,0.0,46707076.0
2021-11-17,0.0,46707076.0
2021-11-18,0.0,46707076.0
2021-11-19,0.0,46707076.0
2021-11-20,0.0,46707076.0
2021-11-21,676876.0,47383952.0
2021-11-22,0.0,47383952.0
2021-11-23,0.0,47383952.0
2021-11-24,0.0,47383952.0
2021-11-25,0.0,47383952.0
2021-11-26,0.0,47383952.0
2021-11-27,0.0,47383952.0
2021-11-28,592394.0,47976346.0
2021-11-29,0.0,47976346.0
2021-11-30,0.0,47976346.0
2021-12-01,0.0,47976346.0
2021-12-02,0.0,47976346.0
2021-12-03,0.0,47976346.0
2021-12-04,0.0,47976346.0
2021-12-05,751017.0,48727363.0
2021-12-06,0.0,48727363.0
2021-12-07,0.0,48727363.0
2021-12-08,0.0,48727363.0
2021-12-09,0.0,48727363.0
2021-12-10,0.0,48727363.0
2021-12-11,0.0,48727363.0
2021-12-12,834969.0,49562332.0
2021-12-13,0.0,49562332.0
2021-12-14,0.0,49562332.0
2021-12-15,0.0,49562332.0
2021-12-16,0.0,49562332.0
2021-12-17,0.0,49562332.0
2021-12-18,0.0,49562332.0
2021-12-19,899109.0,50461441.0
2021-12-20,0.0,50461441.0
2021-12-21,0.0,50461441.0
2021-12-22,0.0,50461441.0
2021-12-23,0.0,50461441.0
2021-12-24,0.0,50461441.0
2021-12-25,0.0,50461441.0
2021-12-26,1417419.0,51878860.0
2021-12-27,0.0,51878860.0
2021-12-28,0.0,51878860.0
2021-12-29,0.0,51878860.0
2021-12-30,0.0,51878860.0
2021-12-31,0.0,51878860.0
2022-01-01,0.0,51878860.0
2022-01-02,2712038.0,54590898.0
2022-01-03,0.0,54590898.0
2022-01-04,0.0,54590898.0
2022-01-05,0.0,54590898.0
2022-01-06,0.0,54590898.0
2022-01-07,0.0,54590898.0
2022-01-08,0.0,54590898.0
2022-01-09,4682897.0,59273795.0
2022-01-10,0.0,59273795.0
2022-01-11,0.0,59273795.0
2022-01-12,0.0,59273795.0
2022-01-13,0.0,59273795.0
2022-01-14,0.0,59273795.0
2022-01-15,0.0,59273795.0
2022-01-16,5650933.0,64924728.0
2022-01-17,0.0,64924728.0
2022-01-18,0.0,64924728.0
2022-01-19,0.0,64924728.0
2022-01-20,0.0,64924728.0
2022-01-21,0.0,64924728.0
2022-01-22,0.0,64924728.0
2022-01-23,5042888.0,69967616.0
2022-01-24,0.0,69967616.0
2022-01-25,0.0,69967616.0
2022-01-26,0.0,69967616.0
2022-01-27,0.0,69967616.0
2022-01-28,0.0,69967616.0
2022-01-29,0.0,69967616.0
2022-01-30,3789262.0,73756878.0
2022-01-31,0.0,73756878.0
2022-02-01,0.0,73756878.0
2022-02-02,0.0,73756878.0
2022-02-03,0.0,73756878.0
2022-02-04,0.0,73756878.0
2022-02-05,0.0,73756878.0
2022-02-06,2188710.0,75945588.0
2022-02-07,0.0,75945588.0
2022-02-08,0.0,75945588.0
2022-02-09,0.0,75945588.0
2022-02-10,0.0,75945588.0
2022-02-11,0.0,75945588.0
2022-02-12,0.0,75945588.0
2022-02-13,1222112.0,77167700.0
2022-02-14,0.0,77167700.0
2022-02-15,0.0,77167700.0
2022-02-16,0.0,77167700.0
2022-02-17,0.0,77167700.0
2022-02-18,0.0,77167700.0
2022-02-19,0.0,77167700.0
2022-02-20,708156.0,77875856.0
2022-02-21,0.0,77875856.0
2022-02-22,0.0,77875856.0
2022-02-23,0.0,77875856.0
2022-02-24,0.0,77875856.0
2022-02-25,0.0,77875856.0
2022-02-26,0.0,77875856.0
2022-02-27,458272.0,78334128.0
2022-02-28,0.0,78334128.0
2022-03-01,0.0,78334128.0
2022-03-02,0.0,78334128.0
2022-03-03,0.0,78334128.0
2022-03-04,0.0,78334128.0
2022-03-05,0.0,78334128.0
2022-03-06,332509.0,78666637.0
2022-03-07,0.0,78666637.0
2022-03-08,0.0,78666637.0
2022-03-09,0.0,78666637.0
2022-03-10,0.0,78666637.0
2022-03-11,0.0,78666637.0
2022-03-12,0.0,78666637.0
2022-03-13,234332.0,78900969.0
2022-03-14,0.0,78900969.0
2022-03-15,0.0,78900969.0
2022-03-16,0.0,78900969.0
2022-03-17,0.0,78900969.0
2022-03-18,0.0,78900969.0
2022-03-19,0.0,78900969.0
2022-03-20,208740.0,79109709.0
2022-03-21,0.0,79109709.0
2022-03-22,0.0,79109709.0
2022-03-23,0.0,79109709.0
2022-03-24,0.0,79109709.0
2022-03-25,0.0,79109709.0
2022-03-26,0.0,79109709.0
2022-03-27,193469.0,79303178.0
2022-03-28,0.0,79303178.0
2022-03-29,0.0,79303178.0
2022-03-30,0.0,79303178.0
2022-03-31,0.0,79303178.0
2022-04-01,0.0,79303178.0
2022-04-02,0.0,79303178.0
2022-04-03,194464.0,79497642.0
2022-04-04,0.0,79497642.0
2022-04-05,0.0,79497642.0
2022-04-06,0.0,79497642.0
2022-04-07,0.0,79497642.0
2022-04-08,0.0,79497642.0
2022-04-09,0.0,79497642.0
2022-04-10,201192.0,79698834.0
2022-04-11,0.0,79698834.0
2022-04-12,0.0,79698834.0
2022-04-13,0.0,79698834.0
2022-04-14,0.0,79698834.0
2022-04-15,0.0,79698834.0
2022-04-16,0.0,79698834.0
2022-04-17,247939.0,79946773.0
2022-04-18,0.0,79946773.0
2022-04-19,0.0,79946773.0
2022-04-20,0.0,79946773.0
2022-04-21,0.0,79946773.0
2022-04-22,0.0,79946773.0
2022-04-23,0.0,79946773.0
2022-04-24,300721.0,80247494.0
2022-04-25,0.0,80247494.0
2022-04-26,0.0,80247494.0
2022-04-27,0.0,80247494.0
2022-04-28,0.0,80247494.0
2022-04-29,0.0,80247494.0
2022-04-30,0.0,80247494.0
2022-05-01,378549.0,80626043.0
2022-05-02,0.0,80626043.0
2022-05-03,0.0,80626043.0
2022-05-04,0.0,80626043.0
2022-05-05,0.0,80626043.0
2022-05-06,0.0,80626043.0
2022-05-07,0.0,80626043.0
2022-05-08,465658.0,81091701.0
2022-05-09,0.0,81091701.0
2022-05-10,0.0,81091701.0
2022-05-11,0.0,81091701.0
2022-05-12,0.0,81091701.0
2022-05-13,0.0,81091701.0
2022-05-14,0.0,81091701.0
2022-05-15,604955.0,81696656.0
2022-05-16,0.0,81696656.0
2022-05-17,0.0,81696656.0
2022-05-18,0.0,81696656.0
2022-05-19,0.0,81696656.0
2022-05-20,0.0,81696656.0
2022-05-21,0.0,81696656.0
2022-05-22,734495.0,82431151.0
2022-05-23,0.0,82431151.0
2022-05-24,0.0,82431151.0
2022-05-25,0.0,82431151.0
2022-05-26,0.0,82431151.0
2022-05-27,0.0,82431151.0
2022-05-28,0.0,82431151.0
2022-05-29,740720.0,83171871.0
2022-05-30,0.0,83171871.0
2022-05-31,0.0,83171871.0
2022-06-01,0.0,83171871.0
2022-06-02,0.0,83171871.0
2022-06-03,0.0,83171871.0
2022-06-04,0.0,83171871.0
2022-06-05,675627.0,83847498.0
2022-06-06,0.0,83847498.0
2022-06-07,0.0,83847498.0
2022-06-08,0.0,83847498.0
2022-06-09,0.0,83847498.0
2022-06-10,0.0,83847498.0
2022-06-11,0.0,83847498.0
2022-06-12,741044.0,84588542.0
2022-06-13,0.0,84588542.0
2022-06-14,0.0,84588542.0
2022-06-15,0.0,84588542.0
2022-06-16,0.0,84588542.0
2022-06-17,0.0,84588542.0
2022-06-18,0.0,84588542.0
2022-06-19,672256.0,85260798.0
2022-06-20,0.0,85260798.0
2022-06-21,0.0,85260798.0
2022-06-22,0.0,85260798.0
2022-06-23,0.0,85260798.0
2022-06-24,0.0,85260798.0
2022-06-25,0.0,85260798.0
2022-06-26,709637.0,85970435.0
2022-06-27,0.0,85970435.0
2022-06-28,0.0,85970435.0
2022-06-29,0.0,85970435.0
2022-06-30,0.0,85970435.0
2022-07-01,0.0,85970435.0
2022-07-02,0.0,85970435.0
2022-07-03,773772.0,86744207.0
2022-07-04,0.0,86744207.0
2022-07-05,0.0,86744207.0
2022-07-06,0.0,86744207.0
2022-07-07,0.0,86744207.0
2022-07-08,0.0,86744207.0
2022-07-09,0.0,86744207.0
2022-07-10,743769.0,87487976.0
2022-07-11,0.0,87487976.0
2022-07-12,0.0,87487976.0
2022-07-13,0.0,87487976.0
2022-07-14,0.0,87487976.0
2022-07-15,0.0,87487976.0
2022-07-16,0.0,87487976.0
2022-07-17,888229.0,88376205.0
2022-07-18,0.0,88376205.0
2022-07-19,0.0,88376205.0
2022-07-20,0.0,88376205.0
2022-07-21,0.0,88376205.0
2022-07-22,0.0,88376205.0
2022-07-23,0.0,88376205.0
2022-07-24,908695.0,89284900.0
2022-07-25,0.0,89284900.0
2022-07-26,0.0,89284900.0
2022-07-27,0.0,89284900.0
2022-07-28,0.0,89284900.0
2022-07-29,0.0,89284900.0
2022-07-30,0.0,89284900.0
2022-07-31,947983.0,90232883.0
2022-08-01,0.0,90232883.0
2022-08-02,0.0,90232883.0
2022-08-03,0.0,90232883.0
2022-08-04,0.0,90232883.0
2022-08-05,0.0,90232883.0
2022-08-06,0.0,90232883.0
2022-08-07,788051.0,91020934.0
2022-08-08,0.0,91020934.0
2022-08-09,0.0,91020934.0
2022-08-10,0.0,91020934.0
2022-08-11,0.0,91020934.0
2022-08-12,0.0,91020934.0
2022-08-13,0.0,91020934.0
2022-08-14,701618.0,91722552.0
2022-08-15,0.0,91722552.0
2022-08-16,0.0,91722552.0
2022-08-17,0.0,91722552.0
2022-08-18,0.0,91722552.0
2022-08-19,0.0,91722552.0
2022-08-20,0.0,91722552.0
2022-08-21,644925.0,92367477.0
2022-08-22,0.0,92367477.0
2022-08-23,0.0,92367477.0
2022-08-24,0.0,92367477.0
2022-08-25,0.0,92367477.0
2022-08-26,0.0,92367477.0
2022-08-27,0.0,92367477.0
2022-08-28,610329.0,92977806.0
2022-08-29,0.0,92977806.0
2022-08-30,0.0,92977806.0
2022-08-31,0.0,92977806.0
2022-09-01,0.0,92977806.0
2022-09-02,0.0,92977806.0
2022-09-03,0.0,92977806.0
2022-09-04,580363.0,93558169.0
2022-09-05,0.0,93558169.0
2022-09-06,0.0,93558169.0
2022-09-07,0.0,93558169.0
2022-09-08,0.0,93558169.0
2022-09-09,0.0,93558169.0
2022-09-10,0.0,93558169.0
2022-09-11,449509.0,94007678.0
2022-09-12,0.0,94007678.0
2022-09-13,0.0,94007678.0
2022-09-14,0.0,94007678.0
2022-09-15,0.0,94007678.0
2022-09-16,0.0,94007678.0
2022-09-17,0.0,94007678.0
2022-09-18,406901.0,94414579.0
2022-09-19,0.0,94414579.0
2022-09-20,0.0,94414579.0
2022-09-21,0.0,94414579.0
2022-09-22,0.0,94414579.0
2022-09-23,0.0,94414579.0
2022-09-24,0.0,94414579.0
2022-09-25,368725.0,94783304.0
2022-09-26,0.0,94783304.0
2022-09-27,0.0,94783304.0
2022-09-28,0.0,94783304.0
2022-09-29,0.0,94783304.0
2022-09-30,0.0,94783304.0
2022-10-01,0.0,94783304.0
2022-10-02,321234.0,95104538.0
2022-10-03,0.0,95104538.0
2022-10-04,0.0,95104538.0
2022-10-05,0.0,95104538.0
2022-10-06,0.0,95104538.0
2022-10-07,0.0,95104538.0
2022-10-08,0.0,95104538.0
2022-10-09,280584.0,95385122.0
2022-10-10,0.0,95385122.0
2022-10-11,0.0,95385122.0
2022-10-12,0.0,95385122.0
2022-10-13,0.0,95385122.0
2022-10-14,0.0,95385122.0
2022-10-15,0.0,95385122.0
2022-10-16,251280.0,95636402.0
2022-10-17,0.0,95636402.0
2022-10-18,0.0,95636402.0
2022-10-19,0.0,95636402.0
2022-10-20,0.0,95636402.0
2022-10-21,0.0,95636402.0
2022-10-22,0.0,95636402.0
2022-10-23,283734.0,95920136.0
2022-10-24,0.0,95920136.0
2022-10-25,0.0,95920136.0
2022-10-26,0.0,95920136.0
2022-10-27,0.0,95920136.0
2022-10-28,0.0,95920136.0
2022-10-29,0.0,95920136.0
2022-10-30,255156.0,96175292.0
2022-10-31,0.0,96175292.0
2022-11-01,0.0,96175292.0
2022-11-02,0.0,96175292.0
2022-11-03,0.0,96175292.0
2022-11-04,0.0,96175292.0
2022-11-05,0.0,96175292.0
2022-11-06,267304.0,96442596.0
2022-11-07,0.0,96442596.0
2022-11-08,0.0,96442596.0
2022-11-09,0.0,96442596.0
2022-11-10,0.0,96442596.0
2022-11-11,0.0,96442596.0
2022-11-12,0.0,96442596.0
2022-11-13,282897.0,96725493.0
2022-11-14,0.0,96725493.0
2022-11-15,0.0,96725493.0
2022-11-16,0.0,96725493.0
2022-11-17,0.0,96725493.0
2022-11-18,0.0,96725493.0
2022-11-19,0.0,96725493.0
2022-11-20,274984.0,97000477.0
2022-11-21,0.0,97000477.0
2022-11-22,0.0,97000477.0
2022-11-23,0.0,97000477.0
2022-11-24,0.0,97000477.0
2022-11-25,0.0,97000477.0
2022-11-26,0.0,97000477.0
2022-11-27,300171.0,97300648.0
2022-11-28,0.0,97300648.0
2022-11-29,0.0,97300648.0
2022-11-30,0.0,97300648.0
2022-12-01,0.0,97300648.0
2022-12-02,0.0,97300648.0
2022-12-03,0.0,97300648.0
2022-12-04,302599.0,97603247.0
2022-12-05,0.0,97603247.0
2022-12-06,0.0,97603247.0
2022-12-07,0.0,97603247.0
2022-12-08,0.0,97603247.0
2022-12-09,0.0,97603247.0
2022-12-10,0.0,97603247.0
2022-12-11,462223.0,98065470.0
2022-12-12,0.0,98065470.0
2022-12-13,0.0,98065470.0
2022-12-14,0.0,98065470.0
2022-12-15,0.0,98065470.0
2022-12-16,0.0,98065470.0
2022-12-17,0.0,98065470.0
2022-12-18,446014.0,98511484.0
2022-12-19,0.0,98511484.0
2022-12-20,0.0,98511484.0
2022-12-21,0.0,98511484.0
2022-12-22,0.0,98511484.0
2022-12-23,0.0,98511484.0
2022-12-24,0.0,98511484.0
2022-12-25,508009.0,99019493.0
2022-12-26,0.0,99019493.0
2022-12-27,0.0,99019493.0
2022-12-28,0.0,99019493.0
2022-12-29,0.0,99019493.0
2022-12-30,0.0,99019493.0
2022-12-31,0.0,99019493.0
2023-01-01,392203.0,99411696.0
2023-01-02,0.0,99411696.0
2023-01-03,0.0,99411696.0
2023-01-04,0.0,99411696.0
2023-01-05,0.0,99411696.0
2023-01-06,0.0,99411696.0
2023-01-07,0.0,99411696.0
2023-01-08,471714.0,99883410.0
2023-01-09,0.0,99883410.0
2023-01-10,0.0,99883410.0
2023-01-11,0.0,99883410.0
2023-01-12,0.0,99883410.0
2023-01-13,0.0,99883410.0
2023-01-14,0.0,99883410.0
2023-01-15,448092.0,100331502.0
2023-01-16,0.0,100331502.0
2023-01-17,0.0,100331502.0
2023-01-18,0.0,100331502.0
2023-01-19,0.0,100331502.0
2023-01-20,0.0,100331502.0
2023-01-21,0.0,100331502.0
2023-01-22,308025.0,100639527.0
2023-01-23,0.0,100639527.0
2023-01-24,0.0,100639527.0
2023-01-25,0.0,100639527.0
2023-01-26,0.0,100639527.0
2023-01-27,0.0,100639527.0
2023-01-28,0.0,100639527.0
2023-01-29,294867.0,100934394.0
2023-01-30,0.0,100934394.0
2023-01-31,0.0,100934394.0
2023-02-01,0.0,100934394.0
2023-02-02,0.0,100934394.0
2023-02-03,0.0,100934394.0
2023-02-04,0.0,100934394.0
2023-02-05,285402.0,101219796.0
2023-02-06,0.0,101219796.0
2023-02-07,0.0,101219796.0
2023-02-08,0.0,101219796.0
2023-02-09,0.0,101219796.0
2023-02-10,0.0,101219796.0
2023-02-11,0.0,101219796.0
2023-02-12,278228.0,101498024.0
2023-02-13,0.0,101498024.0
2023-02-14,0.0,101498024.0
2023-02-15,0.0,101498024.0
2023-02-16,0.0,101498024.0
2023-02-17,0.0,101498024.0
2023-02-18,0.0,101498024.0
2023-02-19,254372.0,101752396.0
2023-02-20,0.0,101752396.0
2023-02-21,0.0,101752396.0
2023-02-22,0.0,101752396.0
2023-02-23,0.0,101752396.0
2023-02-24,0.0,101752396.0
2023-02-25,0.0,101752396.0
2023-02-26,267168.0,102019564.0
2023-02-27,0.0,102019564.0
2023-02-28,0.0,102019564.0
2023-03-01,0.0,102019564.0
2023-03-02,0.0,102019564.0
2023-03-03,0.0,102019564.0
2023-03-04,0.0,102019564.0
2023-03-05,227828.0,102247392.0
2023-03-06,0.0,102247392.0
2023-03-07,0.0,102247392.0
2023-03-08,0.0,102247392.0
2023-03-09,0.0,102247392.0
2023-03-10,0.0,102247392.0
2023-03-11,0.0,102247392.0
2023-03-12,170593.0,102417985.0
2023-03-13,0.0,102417985.0
2023-03-14,0.0,102417985.0
2023-03-15,0.0,102417985.0
2023-03-16,0.0,102417985.0
2023-03-17,0.0,102417985.0
2023-03-18,0.0,102417985.0
2023-03-19,126613.0,102544598.0
2023-03-20,0.0,102544598.0
2023-03-21,0.0,102544598.0
2023-03-22,0.0,102544598.0
2023-03-23,0.0,102544598.0
2023-03-24,0.0,102544598.0
2023-03-25,0.0,102544598.0
2023-03-26,152968.0,102697566.0
2023-03-27,0.0,102697566.0
2023-03-28,0.0,102697566.0
2023-03-29,0.0,102697566.0
2023-03-30,0.0,102697566.0
2023-03-31,0.0,102697566.0
2023-04-01,0.0,102697566.0
2023-04-02,176358.0,102873924.0
2023-04-03,0.0,102873924.0
2023-04-04,0.0,102873924.0
2023-04-05,0.0,102873924.0
2023-04-06,0.0,102873924.0
2023-04-07,0.0,102873924.0
2023-04-08,0.0,102873924.0
2023-04-09,103472.0,102977396.0
2023-04-10,0.0,102977396.0
2023-04-11,0.0,102977396.0
2023-04-12,0.0,102977396.0
2023-04-13,0.0,102977396.0
2023-04-14,0.0,102977396.0
2023-04-15,0.0,102977396.0
2023-04-16,104057.0,103081453.0
2023-04-17,0.0,103081453.0
2023-04-18,0.0,103081453.0
2023-04-19,0.0,103081453.0
2023-04-20,0.0,103081453.0
2023-04-21,0.0,103081453.0
2023-04-22,0.0,103081453.0
2023-04-23,98467.0,103179920.0
2023-04-24,0.0,103179920.0
2023-04-25,0.0,103179920.0
2023-04-26,0.0,103179920.0
2023-04-27,0.0,103179920.0
2023-04-28,0.0,103179920.0
2023-04-29,0.0,103179920.0
2023-04-30,86484.0,103266404.0
2023-05-01,0.0,103266404.0
2023-05-02,0.0,103266404.0
2023-05-03,0.0,103266404.0
2023-05-04,0.0,103266404.0
2023-05-05,0.0,103266404.0
2023-05-06,0.0,103266404.0
2023-05-07,77165.0,103343569.0
2023-05-08,0.0,103343569.0
2023-05-09,0.0,103343569.0
2023-05-10,0.0,103343569.0
2023-05-11,0.0,103343569.0
2023-05-12,0.0,103343569.0
2023-05-13,0.0,103343569.0
2023-05-14,93260.0,103436829.0
2023-05-15,0.0,103436829.0
2023-05-16,0.0,103436829.0
2023-05-17,0.0,103436829.0
2023-05-18,0.0,103436829.0
2023-05-19,0.0,103436829.0
2023-05-20,0.0,103436829.0
